Workbook

Sheet Guide
A1: QA Automation – AI Skills Assessment Rubric (Auto QA)
A3: Purpose | B3: Assess how well an Auto QA learner uses AI in each of the 7 QA Automation sub-categories, at Level 1–5, from verifiable evidence. Written so an auto-evaluation tool can score without interpretation.
A4: Audience | B4: QA Manager / Head of Department (review results), QA AI learners (know what to submit and what each level requires), auto-evaluation tool (reads Skill_Criteria and Output_Criteria).
A5: Sources | B5: Level names, descriptions, categories and the 80% skill / 20% output weights come from Auto_Enabled_AI.xlsx. Evidence style (Pass when ALL, fail examples, transcript proof, template copied from assets/, no domain knowledge, no fabrication) follows QA_AI_Skills_Assessment_Rubric_MANUAL.xlsx. Tech stack assumed: Playwright + TypeScript.
A6: Evidence package (per sub-category) | B6: 1) Skills folder (SKILL.md, references/, assets/). 2) Full, unedited chat/agent transcripts, including the skill invocation. 3) Output files (test case file, framework repo, specs, review report, plan, run report, bug report). 4) Run logs: `tsc`, lint, `npx playwright test` output, CI/scheduler logs, test reports (JSON/HTML). 5) Git history / merge request / review records. Missing evidence = condition fails. Screenshots or pasted text without a transcript do not count.
A7: How a level is decided | B7: Each level row in Skill_Criteria and Output_Criteria lists conditions. A row is Pass only if ALL its conditions pass. Levels are cumulative: Level N is awarded only when Levels 1..N are all Pass. Score = highest level reached; Level 1 failing = 0 (not evidenced). Enter Pass/Fail in the yellow Result column; the Scoring sheet computes the rest.
A8: Scoring formula | B8: Final scored = Weight % of skill × skill level + Weight % of output × output level (default 80% / 20%; scale 0–5). Overall = average of the 7 Final scored values; Overall level = whole-number part.
A9: Skill vs Output | B9: Skill = maturity of how the AI was driven (manual prompting → skills → knowledge base → supervised agent → autonomous orchestrator). Output = quality of what the AI produced in that sub-category, checked against the artifacts and run logs.
A10: Level names | B10: Kept exactly as in Auto_Enabled_AI.xlsx. The output names mention scripts; the conditions in Output_Criteria are rewritten per sub-category (test case design, framework, scripts, review, plan, report, bug).
A11: Proposed thresholds (confirm) | B11: Not stated in the source files; chosen to make checks deterministic: 3 consecutive passes for stability; ≥5 prior runs for trends; ≥2 triggered runs for Level 5; ≥90% of up to 10 sampled items valid; banned Expected Result phrases as in the MANUAL rubric. Target Final scored on the Scoring sheet defaults to 3.0 (editable).
A12: Open items | B12: 1) Team convention documents (folder layout, naming, review checklist, bug template, severity/priority guideline) must exist for Level 2+ checks to be testable. 2) Confirm target score and thresholds above with the QA Manager. 3) Provide the exercise/answer key if a Group-C style comparison (as in the MANUAL rubric) is wanted.

Sheet Scoring
A1: Scoring Sheet – Auto QA AI Skills
A2: Target Final scored (assumption – confirm with QA Manager) | D2: 3 | E2: Legend: yellow = input. skill / output levels are computed from the Result columns of Skill_Criteria / Output_Criteria (0 = not evidenced, blank = not assessed). Example: skill 3, output 2 → 0.8×3 + 0.2×2 = 2.8.
A4: Category | B4: Sub-Category | C4: Evaluation Criteria | D4: Weight % of skill | E4: skill (1-5) | F4: Weight % of output | G4: output (1-5) | H4: Final scored | I4: Evidence/Notes | J4: Meets target?
A5: Requirement & Test Design | B5: Automation test case design | C5: Uses AI to generate auto test case design | D5: 0.8 | E5: =IF(COUNTA(Skill_Criteria!I5:I9)=0,"",IF(Skill_Criteria!I5<>"Pass",0,IF(Skill_Criteria!I6<>"Pass",1,IF(Skill_Criteria!I7<>"Pass",2,IF(Skill_Criteria!I8<>"Pass",3,IF(Skill_Criteria!I9<>"Pass",4,5)))))) | F5: 0.2 | G5: =IF(COUNTA(Output_Criteria!I5:I9)=0,"",IF(Output_Criteria!I5<>"Pass",0,IF(Output_Criteria!I6<>"Pass",1,IF(Output_Criteria!I7<>"Pass",2,IF(Output_Criteria!I8<>"Pass",3,IF(Output_Criteria!I9<>"Pass",4,5)))))) | H5: =IF(OR(E5="",G5=""),"",D5*E5+F5*G5) | J5: =IF(H5="","",IF(H5>=$D$2,"Yes","No"))
A6: Automation Development | B6: Framework Generation | C6: Uses AI to create automation framework components | D6: 0.8 | E6: =IF(COUNTA(Skill_Criteria!I10:I14)=0,"",IF(Skill_Criteria!I10<>"Pass",0,IF(Skill_Criteria!I11<>"Pass",1,IF(Skill_Criteria!I12<>"Pass",2,IF(Skill_Criteria!I13<>"Pass",3,IF(Skill_Criteria!I14<>"Pass",4,5)))))) | F6: 0.2 | G6: =IF(COUNTA(Output_Criteria!I10:I14)=0,"",IF(Output_Criteria!I10<>"Pass",0,IF(Output_Criteria!I11<>"Pass",1,IF(Output_Criteria!I12<>"Pass",2,IF(Output_Criteria!I13<>"Pass",3,IF(Output_Criteria!I14<>"Pass",4,5)))))) | H6: =IF(OR(E6="",G6=""),"",D6*E6+F6*G6) | J6: =IF(H6="","",IF(H6>=$D$2,"Yes","No"))
A7: Automation Development | B7: Script Development | C7: Generates reusable automation scripts with AI assistance | D7: 0.8 | E7: =IF(COUNTA(Skill_Criteria!I15:I19)=0,"",IF(Skill_Criteria!I15<>"Pass",0,IF(Skill_Criteria!I16<>"Pass",1,IF(Skill_Criteria!I17<>"Pass",2,IF(Skill_Criteria!I18<>"Pass",3,IF(Skill_Criteria!I19<>"Pass",4,5)))))) | F7: 0.2 | G7: =IF(COUNTA(Output_Criteria!I15:I19)=0,"",IF(Output_Criteria!I15<>"Pass",0,IF(Output_Criteria!I16<>"Pass",1,IF(Output_Criteria!I17<>"Pass",2,IF(Output_Criteria!I18<>"Pass",3,IF(Output_Criteria!I19<>"Pass",4,5)))))) | H7: =IF(OR(E7="",G7=""),"",D7*E7+F7*G7) | J7: =IF(H7="","",IF(H7>=$D$2,"Yes","No"))
A8: Automation Development | B8: Code Review | C8: Uses AI for code review and optimization | D8: 0.8 | E8: =IF(COUNTA(Skill_Criteria!I20:I24)=0,"",IF(Skill_Criteria!I20<>"Pass",0,IF(Skill_Criteria!I21<>"Pass",1,IF(Skill_Criteria!I22<>"Pass",2,IF(Skill_Criteria!I23<>"Pass",3,IF(Skill_Criteria!I24<>"Pass",4,5)))))) | F8: 0.2 | G8: =IF(COUNTA(Output_Criteria!I20:I24)=0,"",IF(Output_Criteria!I20<>"Pass",0,IF(Output_Criteria!I21<>"Pass",1,IF(Output_Criteria!I22<>"Pass",2,IF(Output_Criteria!I23<>"Pass",3,IF(Output_Criteria!I24<>"Pass",4,5)))))) | H8: =IF(OR(E8="",G8=""),"",D8*E8+F8*G8) | J8: =IF(H8="","",IF(H8>=$D$2,"Yes","No"))
A9: Execution & Analysis | B9: Execution Support | C9: Uses AI for test execution planning and monitoring | D9: 0.8 | E9: =IF(COUNTA(Skill_Criteria!I25:I29)=0,"",IF(Skill_Criteria!I25<>"Pass",0,IF(Skill_Criteria!I26<>"Pass",1,IF(Skill_Criteria!I27<>"Pass",2,IF(Skill_Criteria!I28<>"Pass",3,IF(Skill_Criteria!I29<>"Pass",4,5)))))) | F9: 0.2 | G9: =IF(COUNTA(Output_Criteria!I25:I29)=0,"",IF(Output_Criteria!I25<>"Pass",0,IF(Output_Criteria!I26<>"Pass",1,IF(Output_Criteria!I27<>"Pass",2,IF(Output_Criteria!I28<>"Pass",3,IF(Output_Criteria!I29<>"Pass",4,5)))))) | H9: =IF(OR(E9="",G9=""),"",D9*E9+F9*G9) | J9: =IF(H9="","",IF(H9>=$D$2,"Yes","No"))
A10: Execution & Analysis | B10: Result Analysis | C10: Uses AI to analyze logs, failures and trends. Summary final report | D10: 0.8 | E10: =IF(COUNTA(Skill_Criteria!I30:I34)=0,"",IF(Skill_Criteria!I30<>"Pass",0,IF(Skill_Criteria!I31<>"Pass",1,IF(Skill_Criteria!I32<>"Pass",2,IF(Skill_Criteria!I33<>"Pass",3,IF(Skill_Criteria!I34<>"Pass",4,5)))))) | F10: 0.2 | G10: =IF(COUNTA(Output_Criteria!I30:I34)=0,"",IF(Output_Criteria!I30<>"Pass",0,IF(Output_Criteria!I31<>"Pass",1,IF(Output_Criteria!I32<>"Pass",2,IF(Output_Criteria!I33<>"Pass",3,IF(Output_Criteria!I34<>"Pass",4,5)))))) | H10: =IF(OR(E10="",G10=""),"",D10*E10+F10*G10) | J10: =IF(H10="","",IF(H10>=$D$2,"Yes","No"))
A11: Bug Management | B11: Defect Creation | C11: Uses AI to draft high-quality bug reports | D11: 0.8 | E11: =IF(COUNTA(Skill_Criteria!I35:I39)=0,"",IF(Skill_Criteria!I35<>"Pass",0,IF(Skill_Criteria!I36<>"Pass",1,IF(Skill_Criteria!I37<>"Pass",2,IF(Skill_Criteria!I38<>"Pass",3,IF(Skill_Criteria!I39<>"Pass",4,5)))))) | F11: 0.2 | G11: =IF(COUNTA(Output_Criteria!I35:I39)=0,"",IF(Output_Criteria!I35<>"Pass",0,IF(Output_Criteria!I36<>"Pass",1,IF(Output_Criteria!I37<>"Pass",2,IF(Output_Criteria!I38<>"Pass",3,IF(Output_Criteria!I39<>"Pass",4,5)))))) | H11: =IF(OR(E11="",G11=""),"",D11*E11+F11*G11) | J11: =IF(H11="","",IF(H11>=$D$2,"Yes","No"))
A12: Overall (average of sub-categories) | H12: =IFERROR(AVERAGE(H5:H11),"")
A13: Overall level (whole number) | H13: =IF(H12="","",ROUNDDOWN(H12,0))
A15: Skill levels (from Auto_Enabled_AI.xlsx)
A16: Level | B16: Name | C16: Description
A17: Level 1 | B17: Manual Prompting | C17: No skills or standard procedures exist for the AI to follow. Humans manually provide requirements, prompts, data, and instructions, then copy the chatbot output into the project. All output must be reviewed and adjusted to match the project's coding standards and context.
A18: Level 2 | B18: Standardized Skills | C18: Skills or standard procedures guide the AI, so repeated tasks produce consistent, predictable output.
A19: Level 3 | B19: Shared Knowledge Base | C19: Skills gather external data and convert it into Markdown or other AI-friendly documents/database. Knowledge is disclosed progressively (loaded only when needed), and the team can reuse and share it across the repository.
A20: Level 4 | B20: Supervised Task Completion | C20: The AI agent completes the task end to end and produces final deliverables. Every stage and step is trackable and reviewable, and a human reviews the result before it is accepted.
A21: Level 5 | B21: Autonomous Integrated Delivery | C21: An AI orchestrator runs tasks on a schedule or trigger and delivers the finished work automatically. Only final human approval is required.
A23: Output levels (from Auto_Enabled_AI.xlsx)
A24: Level | B24: Name | C24: Description
A25: Level 1 | B25: Ad-hoc Script Generation | C25: The AI generates individual Playwright snippets from manual prompts, with no shared context or conventions. Selectors are often guessed, and humans must copy, debug, and rewrite the code to fit the framework.
A26: Level 2 | B26: Convention-Aligned Output | C26: Skills or standard procedures guide the AI to follow the framework's conventions: Page Object Model, naming, locator strategy, and assertion style. Repeated requests produce consistent, readable tests that need only minor review.
A27: Level 3 | B27: Context-Aware Generation | C27: The AI explores the live application under test and records pages, flows, and key elements in a shared Markdown knowledge base. Tests use real, verified locators and reusable shared steps, and the team can reuse this context across the repository.
A28: Level 4 | B28: Self-Validating Test Delivery | C28: The AI agent writes, runs, and debugs tests until they pass, then produces final deliverables: test code, test data, a traceability link to the manual test case, and an execution report. Each stage is trackable, and a human reviews the result before merge.
A29: Level 5 | B29: Autonomous Test Pipeline | C29: An AI orchestrator turns requirements or manual test cases into automated tests, runs them in CI, self-heals broken locators, and triages failures. It maintains the suite on a schedule or trigger, and only final human approval is required.

Sheet Skill_Criteria
A1: Skill Criteria – Level 1–5 per sub-category (how AI is driven)
A2: Pass only if ALL conditions in the row pass. Levels are cumulative: Level N counts only when Levels 1..N are all Pass. Fill the yellow Result column (Pass/Fail).
A4: ID | B4: Category | C4: Sub-Category | D4: Level | E4: Level Name | F4: Pass when ALL (new conditions at this level) | G4: Evidence source | H4: Typical fail examples | I4: Result (Pass/Fail) | J4: Evidence/Notes
A5: TCD-S1 | B5: Requirement & Test Design | C5: Automation test case design | D5: 1 | E5: Manual Prompting | F5: 1) Transcript(s) show AI used for this task (input: requirement / user story / manual test cases). 2) Inputs, prompts and data were typed or pasted by the human in the chat; no skill / SKILL.md was invoked. | G5: Chat transcript | H5: No transcript; output has no AI-generated artifact for this sub-category (score 0 = not evidenced).
A6: TCD-S2 | B6: Requirement & Test Design | C6: Automation test case design | D6: 2 | E6: Standardized Skills | F6: 1) Skill folder for this task exists: kebab-case name matching ^[a-z0-9]+(-[a-z0-9]+)*$, ≤64 chars, exactly one file named SKILL.md at the folder root. 2) SKILL.md frontmatter (line 1, valid YAML) has `name` identical to the folder name and a non-empty `description` ≤1024 chars with no < or >, containing a specific trigger clause (e.g., "Use when converting approved manual test cases into automation-ready test case designs …"). 3) SKILL.md has a Process / Workflow / Steps heading with consecutively numbered steps (≥3), each starting with an action verb. 4) Every file in references/ and assets/ is cited by relative path with the step number where it is opened; no orphan files, no broken paths; templates in assets/, rules/checklists in references/. 5) No project domain knowledge in any skill file (AUT name, URL, account, password, business rule). Test: "still true on another project?" 6) Transcript shows the skill invoked (tool call or SKILL.md read) and the deliverable produced right after, in the same chat. 7) Two runs with different inputs give the same deliverable structure (columns and sheet names): 100% match. | G6: Skills folder (SKILL.md, references/, assets/); transcript | H6: Folder `Test Case Design` or file `skill.md`; description only says what the skill is; steps written as a paragraph or unnumbered bullets (or numbered 1,2,4); template saved in references/; project URL or test account inside the skill; second run changes the output structure.
A7: TCD-S3 | B7: Requirement & Test Design | C7: Automation test case design | D7: 3 | E7: Shared Knowledge Base | F7: 1) A skill step gathers application screens and flows from the live app, the manual test case repository and the test data catalog and converts it into Markdown (or another AI-friendly document/database); the transcript or tool calls show the gathering. 2) Knowledge files are committed to a shared repository path (not local-only); each has a title plus source and last-updated date; ≥1 file. 3) Progressive disclosure: SKILL.md does not inline the knowledge; each knowledge file is named in the step that needs it ("open at Step N") and the transcript shows it read at that step, not all upfront. 4) Reuse evidence: ≥1 knowledge file is used by a second person or a second task (git log shows ≥2 distinct authors, or ≥2 transcripts read the same file). 5) Secret scan of knowledge files returns 0 hits (passwords, tokens, API keys). | G7: Knowledge files in repo; transcript; git log | H7: Knowledge typed by hand with no gathering step; files kept only on a laptop; whole knowledge base pasted into SKILL.md or loaded at the start; only the author ever used it; password or token in a knowledge file.
A8: TCD-S4 | B8: Requirement & Test Design | C8: Automation test case design | D8: 4 | E8: Supervised Task Completion | F8: 1) In one session/agent run the AI went from input to all deliverables: automation test case design file (team template), traceability (AC → TR → TC), coverage summary; transcript shows tool calls creating each deliverable (none hand-written by a human). 2) Every stage is trackable: a step log/trace, or one message/commit per stage, in the same order as the skill Process; each stage shows input, action and result. 3) The agent self-checked before handoff by running coverage check that every Test Requirement ID has ≥1 test case; the result is recorded. 4) A human review is recorded (MR review, review note file or transcript approval) before the output is accepted; human edits are listed. 5) Every rule or value not present in the source is marked "Assumption —" or listed as an open question; 0 unmarked invented facts. | G8: Transcript; stage log/trace; review record | H8: A person wrote part of the deliverable; no stage log; no self-check run; approval not recorded; an invented limit presented as a requirement.
A9: TCD-S5 | B9: Requirement & Test Design | C9: Automation test case design | D9: 5 | E9: Autonomous Integrated Delivery | F9: 1) An orchestrator config in the repo (CI file, scheduler or agent config) defines the trigger: an approved or changed requirement / manual test case; the run log shows ≥2 executions started by that trigger with no human prompt. 2) The orchestrator invokes this sub-category's skill and hands off automatically to the next stage (automation script development); the log shows no human action at the handoff. 3) The finished deliverable is delivered automatically to the repository or test-management tool. 4) Failure handling is defined and evidenced: retry or escalation path in config, ≥1 failed or edge-case run handled per that path, and an audit log per run (inputs, outputs, decisions). 5) The only human action in the flow is one final approval event; no manual edits between trigger and approval. | G9: CI/scheduler config; run logs; audit log | H9: Run started by someone typing a prompt; a manual copy/paste step between trigger and approval; no retry or escalation path; no audit log.
A10: FWG-S1 | B10: Automation Development | C10: Framework Generation | D10: 1 | E10: Manual Prompting | F10: 1) Transcript(s) show AI used for this task (input: framework requirements (stack, environments, reporting, CI)). 2) Inputs, prompts and data were typed or pasted by the human in the chat; no skill / SKILL.md was invoked. | G10: Chat transcript | H10: No transcript; output has no AI-generated artifact for this sub-category (score 0 = not evidenced).
A11: FWG-S2 | B11: Automation Development | C11: Framework Generation | D11: 2 | E11: Standardized Skills | F11: 1) Skill folder for this task exists: kebab-case name matching ^[a-z0-9]+(-[a-z0-9]+)*$, ≤64 chars, exactly one file named SKILL.md at the folder root. 2) SKILL.md frontmatter (line 1, valid YAML) has `name` identical to the folder name and a non-empty `description` ≤1024 chars with no < or >, containing a specific trigger clause (e.g., "Use when scaffolding or extending a Playwright TypeScript test framework from stated requirements …"). 3) SKILL.md has a Process / Workflow / Steps heading with consecutively numbered steps (≥3), each starting with an action verb. 4) Every file in references/ and assets/ is cited by relative path with the step number where it is opened; no orphan files, no broken paths; templates in assets/, rules/checklists in references/. 5) No project domain knowledge in any skill file (AUT name, URL, account, password, business rule). Test: "still true on another project?" 6) Transcript shows the skill invoked (tool call or SKILL.md read) and the deliverable produced right after, in the same chat. 7) Two runs with different inputs give the same deliverable structure (folder layout, config keys and file names): 100% match. | G11: Skills folder (SKILL.md, references/, assets/); transcript | H11: Folder `Test Case Design` or file `skill.md`; description only says what the skill is; steps written as a paragraph or unnumbered bullets (or numbered 1,2,4); template saved in references/; project URL or test account inside the skill; second run changes the output structure.
A12: FWG-S3 | B12: Automation Development | C12: Framework Generation | D12: 3 | E12: Shared Knowledge Base | F12: 1) A skill step gathers team framework conventions, the existing repo structure, the environment list and config keys and converts it into Markdown (or another AI-friendly document/database); the transcript or tool calls show the gathering. 2) Knowledge files are committed to a shared repository path (not local-only); each has a title plus source and last-updated date; ≥1 file. 3) Progressive disclosure: SKILL.md does not inline the knowledge; each knowledge file is named in the step that needs it ("open at Step N") and the transcript shows it read at that step, not all upfront. 4) Reuse evidence: ≥1 knowledge file is used by a second person or a second task (git log shows ≥2 distinct authors, or ≥2 transcripts read the same file). 5) Secret scan of knowledge files returns 0 hits (passwords, tokens, API keys). | G12: Knowledge files in repo; transcript; git log | H12: Knowledge typed by hand with no gathering step; files kept only on a laptop; whole knowledge base pasted into SKILL.md or loaded at the start; only the author ever used it; password or token in a knowledge file.
A13: FWG-S4 | B13: Automation Development | C13: Framework Generation | D13: 4 | E13: Supervised Task Completion | F13: 1) In one session/agent run the AI went from input to all deliverables: framework files (playwright.config.ts, fixtures, base page, utils, env config, package.json scripts, CI file), README, sample smoke test; transcript shows tool calls creating each deliverable (none hand-written by a human). 2) Every stage is trackable: a step log/trace, or one message/commit per stage, in the same order as the skill Process; each stage shows input, action and result. 3) The agent self-checked before handoff by running `npm ci`, `npx tsc --noEmit`, lint and the sample smoke test; the result is recorded. 4) A human review is recorded (MR review, review note file or transcript approval) before the output is accepted; human edits are listed. 5) Every rule or value not present in the source is marked "Assumption —" or listed as an open question; 0 unmarked invented facts. | G13: Transcript; stage log/trace; review record | H13: A person wrote part of the deliverable; no stage log; no self-check run; approval not recorded; an invented limit presented as a requirement.
A14: FWG-S5 | B14: Automation Development | C14: Framework Generation | D14: 5 | E14: Autonomous Integrated Delivery | F14: 1) An orchestrator config in the repo (CI file, scheduler or agent config) defines the trigger: a new project request or a Playwright/dependency version change; the run log shows ≥2 executions started by that trigger with no human prompt. 2) The orchestrator invokes this sub-category's skill and hands off automatically to the next stage (the CI smoke run); the log shows no human action at the handoff. 3) The finished deliverable is delivered automatically to a merge request. 4) Failure handling is defined and evidenced: retry or escalation path in config, ≥1 failed or edge-case run handled per that path, and an audit log per run (inputs, outputs, decisions). 5) The only human action in the flow is one final approval event; no manual edits between trigger and approval. | G14: CI/scheduler config; run logs; audit log | H14: Run started by someone typing a prompt; a manual copy/paste step between trigger and approval; no retry or escalation path; no audit log.
A15: SCR-S1 | B15: Automation Development | C15: Script Development | D15: 1 | E15: Manual Prompting | F15: 1) Transcript(s) show AI used for this task (input: automation test case design (TC ID, steps, expected results)). 2) Inputs, prompts and data were typed or pasted by the human in the chat; no skill / SKILL.md was invoked. | G15: Chat transcript | H15: No transcript; output has no AI-generated artifact for this sub-category (score 0 = not evidenced).
A16: SCR-S2 | B16: Automation Development | C16: Script Development | D16: 2 | E16: Standardized Skills | F16: 1) Skill folder for this task exists: kebab-case name matching ^[a-z0-9]+(-[a-z0-9]+)*$, ≤64 chars, exactly one file named SKILL.md at the folder root. 2) SKILL.md frontmatter (line 1, valid YAML) has `name` identical to the folder name and a non-empty `description` ≤1024 chars with no < or >, containing a specific trigger clause (e.g., "Use when implementing Playwright TypeScript scripts from approved automation test case designs …"). 3) SKILL.md has a Process / Workflow / Steps heading with consecutively numbered steps (≥3), each starting with an action verb. 4) Every file in references/ and assets/ is cited by relative path with the step number where it is opened; no orphan files, no broken paths; templates in assets/, rules/checklists in references/. 5) No project domain knowledge in any skill file (AUT name, URL, account, password, business rule). Test: "still true on another project?" 6) Transcript shows the skill invoked (tool call or SKILL.md read) and the deliverable produced right after, in the same chat. 7) Two runs with different inputs give the same deliverable structure (Page Object, spec, fixture and test-data file layout): 100% match. | G16: Skills folder (SKILL.md, references/, assets/); transcript | H16: Folder `Test Case Design` or file `skill.md`; description only says what the skill is; steps written as a paragraph or unnumbered bullets (or numbered 1,2,4); template saved in references/; project URL or test account inside the skill; second run changes the output structure.
... A39: DEF-S5 | B39: Bug Management | C39: Defect Creation | D39: 5 | E39: Autonomous Integrated Delivery | F39: 1) An orchestrator config in the repo (CI file, scheduler or agent config) defines the trigger: a failure classified as a product bug; the run log shows ≥2 executions started by that trigger with no human prompt. 2) The orchestrator invokes this sub-category's skill and hands off automatically to the next stage (submission to the bug tracker (e.g., ADO)); the log shows no human action at the handoff. 3) The finished deliverable is delivered automatically to the bug tracker. 4) Failure handling is defined and evidenced: retry or escalation path in config, ≥1 failed or edge-case run handled per that path, and an audit log per run (inputs, outputs, decisions). 5) The only human action in the flow is one final approval event; no manual edits between trigger and approval. | G39: CI/scheduler config; run logs; audit log | H39: Run started by someone typing a prompt; a manual copy/paste step between trigger and approval; no retry or escalation path; no audit log.

Sheet Output_Criteria
A1: Output Criteria – Level 1–5 per sub-category (what AI produced)
A2: Pass only if ALL conditions in the row pass. Levels are cumulative: Level N counts only when Levels 1..N are all Pass. Fill the yellow Result column (Pass/Fail).
A4: ID | B4: Category | C4: Sub-Category | D4: Level | E4: Level Name | F4: Pass when ALL (new conditions at this level) | G4: Evidence source | H4: Typical fail examples | I4: Result (Pass/Fail) | J4: Evidence/Notes
A5: TCD-O1 | B5: Requirement & Test Design | C5: Automation test case design | D5: 1 | E5: Ad-hoc Script Generation | F5: 1) ≥1 AI-generated automation test case exists (file or chat text). 2) Each test case has Summary, Steps and Expected Result. | G5: Chat transcript; output text/file | H5: No AI-generated test case, or a test case without steps or expected result.
A6: TCD-O2 | B6: Requirement & Test Design | C6: Automation test case design | D6: 2 | E6: Convention-Aligned Output | F6: 1) All columns of the team's automation test case template are present (template stored in the skill's assets/ and copied, not rebuilt). 2) 100% of Expected Results state ≥1 observable: message text, displayed value, target screen/URL, field or button state, data saved or not saved. 3) 0 Expected Results consist only of a banned phrase: "works correctly/properly/as expected", "displayed correctly", "no error", "success", "OK". 4) Steps contain concrete test data values (e.g., an actual email string, not "enter valid data"). 5) Every test case has an automation-candidate decision (Yes/No) with a one-line reason. | G6: Output file; skill assets/ template | H6: Template rebuilt from scratch or columns missing; Expected Result = "works as expected"; Step says "enter valid data"; candidate column blank.
A7: TCD-O3 | B7: Requirement & Test Design | C7: Automation test case design | D7: 3 | E7: Context-Aware Generation | F7: 1) 100% of screen/flow names used in the test cases appear in the knowledge base (KB) files. 2) Shared steps/pre-conditions are referenced by name: ≥1 shared step reused by ≥2 test cases; no step block copied verbatim into ≥3 test cases. 3) Every rule not found in the requirement or KB is marked "Assumption —" or raised as a clarification question; 0 unmarked. | G7: Output file; KB files; transcript | H7: Screen name not in KB; the same login block pasted into every test case; "Password must be 8–20 characters" written as fact without an Assumption flag.
A8: TCD-O4 | B8: Requirement & Test Design | C8: Automation test case design | D8: 4 | E8: Self-Validating Test Delivery | F8: 1) Every test case was dry-run against the live application (or an agreed stub) and has Observed Result and Run Status filled (100%). 2) 100% of Test Requirement IDs map to ≥1 test case; every edge-case requirement has its own test case. 3) Deliverables present: test case design file, traceability (AC → TR → TC), coverage summary. 4) Human review is recorded and 0 review comments remain open. | G8: Output file; dry-run log; review record | H8: Dry-run columns empty; a TR with no TC; edge case only mentioned inside a happy-path test case; coverage summary missing.
A9: TCD-O5 | B9: Requirement & Test Design | C9: Automation test case design | D9: 5 | E9: Autonomous Test Pipeline | F9: 1) A requirement or manual-test-case change automatically regenerated the design, with a diff listing new, changed and obsolete test cases. 2) The orchestrator published the updated design to the repository/test-management tool (commit author = bot or service account) with traceability intact. 3) 0 manual edits between trigger and approval. 4) Obsolete test cases are flagged with a reason, not silently deleted. | G9: Run log; git history; diff report | H9: Regeneration needed a person to paste the new requirement; diff missing; obsolete test cases deleted.
A10: FWG-O1 | B10: Automation Development | C10: Framework Generation | D10: 1 | E10: Ad-hoc Script Generation | F10: 1) ≥1 AI-generated framework component exists (e.g., playwright.config.ts, a base page class, a utility). | G10: Chat transcript; output file | H10: No AI-generated file; component only described in prose.
A11: FWG-O2 | B11: Automation Development | C11: Framework Generation | D11: 2 | E11: Convention-Aligned Output | F11: 1) Folder layout matches the team convention document (e.g., tests/, pages/, fixtures/, utils/, config/); 0 missing or extra top-level folders. 2) `npx tsc --noEmit` exits 0 and ESLint reports 0 errors. 3) 0 hardcoded URLs, credentials or tokens in source; values come from environment variables and a committed `.env.example`. 4) `playwright.config.ts` defines projects, retries, reporter, trace setting and baseURL (from env). 5) `package.json` has scripts for test, lint and typecheck. | G11: Generated repo; tsc/lint output | H11: tsc errors; password in config; baseURL typed as a literal; no lint script; folder names differ from the convention.
A12: FWG-O3 | B12: Automation Development | C12: Framework Generation | D12: 3 | E12: Context-Aware Generation | F12: 1) Every environment name and config key used in the framework appears in the KB. 2) 0 duplicated helpers: no new fixture/utility duplicates an existing one in the repo (name or signature match). 3) README generated with structure, commands and conventions; 100% of listed commands run successfully. | G12: Generated repo; KB files; command run log | H12: Environment `staging2` not in KB; a second `login` helper added beside the existing one; a README command fails.
A13: FWG-O4 | B13: Automation Development | C13: Framework Generation | D13: 4 | E13: Self-Validating Test Delivery | F13: 1) `npm ci` and a sample smoke test (`npx playwright test`) exit 0, recorded in the run log. 2) Deliverables present: framework files, README, sample test, HTML/JSON test report. 3) Human review recorded; 0 open comments. | G13: Run log; report; review record | H13: Smoke test never run; code delivered without a report.
A14: FWG-O5 | B14: Automation Development | C14: Framework Generation | D14: 5 | E14: Autonomous Test Pipeline | F14: 1) Generation or update started automatically (e.g., new project request, Playwright/dependency version change). 2) The CI pipeline ran install, typecheck, lint and smoke test automatically and passed. 3) The orchestrator opened the merge request; no manual commit between trigger and approval. 4) On pipeline failure the log shows an automatic retry with a fix, or escalation after the retry limit. | G14: CI config; pipeline logs; MR history | H14: Pipeline started by a person; MR opened by hand; failure ignored.
A15: SCR-O1 | B15: Automation Development | C15: Script Development | D15: 1 | E15: Ad-hoc Script Generation | F15: 1) ≥1 AI-generated Playwright TypeScript test snippet exists. | G15: Chat transcript; output code | H15: No AI-generated test code; code hand-written.
A16: SCR-O2 | B16: Automation Development | C16: Script Development | D16: 2 | E16: Convention-Aligned Output | F16: 1) 100% of locators are defined in Page Object classes; 0 locators inside spec files. 2) 0 absolute XPath; CSS/XPath used only with a comment justifying it; user-facing locators (`getByRole`, `getByLabel`, `getByTestId`) are the default. 3) Assertions are web-first (`expect(locator)…`); 0 `waitForTimeout` or fixed sleeps. 4) File, class and test names follow the team naming convention. 5) `npx tsc --noEmit` exits 0 and ESLint reports 0 errors. 6) Every test contains ≥1 assertion. | G16: Generated test code; tsc/lint output | H16: `page.locator('//div[3]/span')` in a spec; `waitForTimeout(5000)`; a test with no `expect`.
... A39: DEF-O5 | B39: Bug Management | C39: Defect Creation | D39: 5 | E39: Autonomous Test Pipeline | F39: 1) Bugs were created automatically in the tracker on trigger (failure classified Product bug) ≥2 times. 2) A recurrence updates the existing bug (comment or occurrence count) instead of creating a new one. 3) Fields are auto-filled including links to the run and the test case; assignee is set by a stated rule. 4) The only human action is final approval. | G39: CI/scheduler config; tracker audit log | H39: Bug created by hand; recurrence creates a duplicate; no link to the run.
